"date_report","sp500","year","week","non_restricted_members","affiliates","apple_search","google_search","bing_search","tiktok","spotify","pinterest","buzzfeed","influencer","ooh","facebook","instagram","audience_network","elle_raise","money_cheat_sheet","opinionated","weekly_events","tofu_emails","instagram_followers","instagram_new_followers","instagram_likes","instagram_comments","Instagram_posts","instagram_impressions","instagram_reach","instagram_bio_clicks","facebook_followers","facebook_new_followers","linkedin_followers","linkedin_new_followers","twitter_followers","twitter_new_followers","tiktok_followers","tiktok_new_followers","campaigns","promos","campaigns_promos","interview","other_appearance","podcast","speaking","tv"
2020-07-05,3185.04,2020,28,527,1380,119.83,3334.12,1390.51,0,0,0,0,0,0,6371.290627,5628.73571,652.713684,126899,127890,128223,0,0,182457,989,25029,533,20,1280261,97832,97832,0,0,0,0,0,0,0,0,0,0,0,1,1,0,0,0
2020-07-12,3224.73,2020,29,682,2025,208.82,2793.74,1811.66,0,0,0,0,0,0,2962.764598,4000.364874,193.890526,134072,124355,125667,0,0,183493,1036,360234,712,19,1312743,110298,110298,0,0,0,0,0,0,0,0,0,0,0,4,0,0,1,1
2020-07-19,3215.63,2020,30,819,1985,305.36,1927.48,122.88,0,0,0,0,0,0,1275.058027,4358.323049,75.058644,138285,141360,141253,0,0,184299,806,16766,297,17,960775,82292,82292,0,0,0,0,0,0,0,0,0,0,0,1,0,0,2,0
2020-07-26,3271.12,2020,31,520,1855,151.02,1528.79,12.12,0,0,0,0,0,0,63.66,138.72,0.27,131794,132591,134550,0,0,184997,698,28773,241,17,904943,81437,81437,0,0,0,0,0,0,0,0,0,0,0,0,0,0,1,0
2020-08-02,3351.28,2020,32,612,2260,185.81,1444.66,172.94,0,0,0,0,0,0,965.758451,2203.551942,28.219607,130137,131308,131745,0,0,186036,1039,28926,427,15,631368,48774,48774,0,0,0,0,0,0,0,0,0,0,0,0,0,0,1,0
2020-08-09,3372.85,2020,33,502,1890,146.06,1553.01,181.08,0,0,0,0,0,0,956.305202,2457.434799,8.740001,122229,128869,129283,0,0,186864,828,14763,259,15,674328,55454,55454,0,0,0,0,0,0,0,0,0,0,0,1,0,0,0,0
2020-08-16,3397.16,2020,34,484,1610,154.66,1569.32,156.71,0,0,0,0,0,0,1038.507003,2579.912997,1.49,94923,96777,112715,0,0,187984,1120,38206,499,20,209780,42573,42573,0,0,0,0,0,0,0,0,0,0,0,0,1,0,0,0
2020-08-23,3508.01,2020,35,500,1850,162.47,1645.99,190.91,0,0,0,0,0,0,1079.39,2523.5,1.5,89381,91089,92758,0,0,189502,1518,24403,252,18,872835,66052,66052,0,0,0,0,0,0,0,0,0,0,0,0,0,0,2,0
2020-08-30,3426.96,2020,36,677,3525,153.43,2121.76,177.07,0,0,0,0,0,0,1134.81,2602.88,0.31,86655,87705,88775,0,0,190539,1037,23353,280,19,996555,78452,78452,0,0,0,0,0,0,0,0,0,0,0,1,0,0,1,0
2020-09-06,3340.97,2020,37,574,2550,156.39,1717.44,176.99,0,0,0,0,0,0,1601.09,3171.13,0.29,0,83916,83875,0,0,191188,649,34421,423,19,1017279,74973,74973,0,0,0,0,0,0,0,0,0,0,0,0,0,0,1,0
2020-09-13,3319.47,2020,38,510,1885,283.02,1727.39,191.51,0,0,0,0,0,0,1889.011722,3946.548276,0.45,78091,79759,79952,0,0,191830,642,32476,386,21,1118193,83636,83636,0,0,0,0,0,0,0,0,0,0,0,1,0,1,1,0
2020-09-20,3298.46,2020,39,448,1280,192.15,1699.25,202.02,0,0,0,0,0,0,3925.513945,5078.256114,62.739941,75418,76072,76771,0,0,191846,16,40895,693,19,943026,81940,81940,0,0,0,0,0,0,0,0,0,0,0,0,0,1,1,0
2020-09-27,3348.42,2020,40,794,1390,405.49,1635.55,233.25,0,0,0,0,0,0,2986.53622,3108.32378,26.12,0,73445,74043,0,0,192054,208,29229,411,18,951025,80541,80541,0,0,0,0,0,0,0,0,0,0,0,0,1,0,2,0
2020-10-04,3477.14,2020,41,565,1930,234.13,1381.26,273.93,0,0,0,0,0,0,2100.741104,4776.538131,22.320537,78383,78004,73008,0,329275,192625,571,19318,334,16,755061,59460,59460,0,0,0,0,0,0,0,0,0,0,0,1,0,0,0,0
2020-10-11,3483.81,2020,42,537,2220,195.86,1476.75,179.23,0,0,0,0,0,0,4234.996405,7275.273625,7,77675,78398,78704,0,0,193243,618,32579,350,20,1026462,95153,95153,0,0,0,0,0,0,0,0,0,1,1,0,0,0,3,0
2020-10-18,3465.39,2020,43,567,1996,194.16,1300.63,248.06,0,0,0,0,0,0,4901.385035,4513.8652,17.059866,99490,100032,96871,0,199006,194008,765,24974,164,19,129016,118241,118241,0,0,0,0,0,0,0,0,0,1,1,1,0,1,2,0
2020-10-25,3269.96,2020,44,477,1420,301.9,1404.32,190.68,0,0,0,0,0,0,6295.535558,3500.112886,31.290846,0,103409,100277,0,189081,194402,394,29036,328,20,872320,72039,72039,0,0,0,0,0,0,0,0,0,1,1,0,0,0,1,0
2020-11-01,3509.44,2020,45,464,1340,425.33,1376.43,167.28,0,0,0,0,0,0,7642.528096,4862.321937,27.769907,0,101938,0,0,57439,195165,763,25168,333,21,944482,73192,73192,0,0,0,0,0,0,0,0,0,1,1,0,0,0,2,0
2020-11-08,3585.15,2020,46,599,2045,1067.67,1609.07,219.51,0,0,0,0,0,0,10621.190467,5410.054717,64.799055,99875,100404,100239,0,102695,195770,605,101672,1208,20,1892816,160153,160153,0,0,42628,0,0,0,0,0,0,1,1,0,1,1,2,0
2020-11-15,3557.54,2020,47,488,1605,1098.25,1414.11,203.49,0,0,0,0,0,0,6712.475418,5667.564752,80.079713,0,94862,95671,0,0,196511,741,21044,165,20,1190236,103355,103355,86273,0,42628,0,21903,0,0,0,0,1,1,0,0,1,2,0
2020-11-22,3638.35,2020,48,573,1720,1097.58,1372.97,177.36,0,0,0,0,0,0,6754.446464,9138.463642,43.139953,0,0,95263,0,201325,196946,435,21935,274,20,1157996,90103,90103,86317,44,43000,372,21996,93,0,0,0,1,1,0,0,0,0,0
2020-11-29,3699.12,2020,49,1011,1710,1080.8,1626.87,233.65,0,0,0,0,0,0,9502.98984,13227.170211,25.539961,92116,92446,93959,0,267275,197659,713,20887,359,20,1369576,128864,128864,86361,44,43034,34,22061,65,0,0,0,1,1,0,0,0,5,0
2020-12-06,3663.46,2020,50,619,1580,1163.1,1480.13,172.7,0,0,0,0,0,0,11434.832902,12872.777225,12.849876,87437,88801,88603,0,0,200479,2820,52036,806,20,1946453,183260,183260,86390,29,43091,57,22103,42,0,0,0,0,0,3,0,1,1,0
2020-12-13,3709.41,2020,51,617,1040,1451.14,1453.46,197.88,0,0,0,0,0,0,10235.978383,9336.814488,2952.947137,0,87685,105563,0,0,201604,1125,51801,566,20,1783599,148994,148994,86429,39,43241,150,22164,61,0,0,0,0,0,0,0,0,1,0
2020-12-20,3703.06,2020,52,492,1020,1697.25,1286.23,162.46,0,0,0,0,0,0,5884.22,4914.32,2379.7,0,0,85511,0,0,202691,1087,39532,471,20,1461900,124491,124491,86484,55,43303,62,22198,34,0,0,0,0,0,0,0,0,0,0
2020-12-27,3756.07,2020,53,869,2170,2099.28,1286.89,259.01,0,0,0,0,0,0,9763.783493,5851.256886,712.029622,63487,64313,64269,0,59142,203569,878,20482,253,25,840276,71192,71192,86508,24,43499,196,22277,79,0,0,0,1,1,0,0,0,0,0
2021-01-03,3824.68,2021,1,1085,1990,1926.63,1416.34,270.35,0,0,0,0,0,0,12513.693946,13016.257809,425.988307,0,62851,62682,0,57566,204713,1144,33397,272,25,1280305,108206,0,86562,54,43589,90,22339,62,0,0,0,1,1,0,0,0,1,0
2021-01-10,3768.25,2021,2,1237,1850,1993.19,1423.69,275.84,0,0,0,0,0,0,11693.700903,19104.942521,301.615807,62473,63514,62875,0,148049,208673,3960,35675,373,25,2939512,182715,0,86685,123,43789,200,22438,99,0,0,0,1,1,1,0,0,0,0
2021-01-17,3841.47,2021,3,1177,1870,1905.95,1428.11,271.94,1037.52,0,0,0,0,0,13645.993871,20673.161172,290.354965,0,67528,67201,0,116262,212055,3382,75245,872,25,2581381,198446,0,86783,98,43988,199,22497,59,0,0,0,1,1,0,0,0,1,0
2021-01-24,3714.24,2021,4,2068,2990,2573.26,1446.28,373.94,5264.82,0,0,0,0,0,22453.577537,26610.645943,97.906601,68516,0,67872,0,76544,213916,1861,56914,541,28,2427783,209375,0,86890,107,44194,206,22522,25,0,0,0,1,1,0,0,0,1,0
2021-01-31,3886.83,2021,5,1461,3840,1939.5,1532.33,281.69,5190.4,0,0,0,0,0,14055.705755,20117.901233,1536.632993,0,69590,68764,0,62647,221317,7401,81613,1331,33,3030889,244268,0,87045,155,44386,192,22760,238,0,0,0,0,0,0,0,0,0,0
2021-02-07,3934.83,2021,6,1163,4118,1707.96,1831.72,314.58,3778.26,0,0,0,0,0,9614.565024,17411.703472,3033.431531,0,68705,69368,0,150371,223465,2148,30047,362,25,2100461,173367,0,87077,32,44609,223,22896,136,0,0,0,1,1,1,0,1,3,0
2021-02-14,3906.71,2021,7,1186,2830,1048.56,2430.46,319.61,4832.03,0,0,0,0,0,13316.390146,19389.150951,3823.208853,0,66202,65802,0,149998,226275,2810,72309,1133,29,2169294,176848,0,87114,37,44831,222,23031,135,0,0,0,1,1,0,0,0,0,0
2021-02-21,3811.15,2021,8,1103,2880,484.73,3169.6,336.1,5230.46,0,0,0,0,0,15411.182497,29914.41534,1069.75224,66223,0,66190,0,157446,230230,3955,36736,286,28,2459921,216599,0,87207,93,44931,100,23087,56,0,0,0,0,0,1,1,1,0,0
2021-02-28,3841.94,2021,9,952,2408,417.83,3048.83,386.5,3369.26,0,0,0,0,0,21366.136285,22415.550343,474.643974,0,0,65650,0,106628,232596,2366,36911,432,25,2498086,235590,0,87268,61,45061,130,23137,50,0,0,0,1,1,0,0,0,0,0
2021-03-07,3943.34,2021,10,1058,2220,351.02,3555,368.13,4558.36,0,0,0,0,0,13449.651966,19175.546619,292.162161,0,0,351982,0,539628,237363,4767,27658,271,24,2408566,233871,0,87366,98,45425,364,23241,104,0,0,0,1,1,0,0,1,2,0
2021-03-14,3913.1,2021,11,853,2030,369.27,3018.52,270.46,4771.06,0,0,0,0,0,8695.897241,10084.970526,915.882244,0,0,92588,0,128987,242811,5448,48651,587,36,3781986,310392,0,87400,34,45588,163,23320,79,0,0,0,1,1,1,2,1,5,0
2021-03-21,3974.54,2021,12,1065,1970,738.9,3344.77,357.22,10126.17,0,0,0,0,0,7793.174188,11195.657783,2060.728037,0,0,93971,0,272504,243307,496,41063,428,33,1689355,110554,0,87511,111,46432,844,23331,11,0,0,0,1,1,1,0,0,4,0
2021-03-28,4019.87,2021,13,1114,1720,1331.22,2833.18,372.5,9713.42,0,0,0,0,0,14912.226786,15456.416147,1120.556959,0,0,97201,93147,497561,247291,3984,69764,743,35,2218738,151553,0,87526,15,47292,860,23541,210,0,0,0,1,1,1,0,1,1,0
2021-04-04,4128.8,2021,14,787,1210,702.4,2686.6,302.62,5836.62,0,0,0,0,0,5972.344145,9008.155527,114.110341,0,0,96740,96680,137727,248017,726,31597,272,35,1780168,138413,0,87577,51,47803,511,23581,40,0,0,0,1,1,0,0,0,2,0
2021-04-11,4185.47,2021,15,830,1570,846.69,2974.29,314.48,1742.57,0,0,0,0,0,8365.951166,10992.763083,65.734492,0,0,0,96338,208886,248839,822,49243,451,32,1827883,124602,0,87570,-7,48102,299,23598,17,0,0,0,1,1,0,0,0,0,0
2021-04-18,4180.17,2021,16,855,1570,1120.74,3287.94,263.2,1792.83,0,0,0,0,0,9284.034829,19914.311023,36.803278,0,0,100793,100368,284106,250103,1264,29053,304,19,3279885,122746,0,87554,-16,48289,187,23660,62,0,0,0,1,1,0,0,0,1,0
2021-04-25,4181.17,2021,17,827,4990,828.83,3137.52,233.33,867.4,0,0,0,0,0,15850.92275,21187.578063,67.977224,0,0,98004,97589,241582,251450,1347,0,0,0,1733544,120000,0,87600,46,48400,111,23700,40,0,0,0,1,1,0,0,0,1,0
2021-05-02,4232.6,2021,18,743,4155,876.91,3942.38,244.29,0,0,0,0,0,0,16873.40377,18106.180719,90.413494,0,0,97749,97761,328645,254379,2929,0,0,0,1661191,120000,1712,86640,-960,48500,100,23750,50,0,0,0,1,1,0,0,0,1,0
2021-05-09,4173.85,2021,19,767,3570,1012.07,3926.17,249.28,0,0,0,0,0,0,17297.238004,12421.284184,182.357156,0,104074,99225,100631,0,255115,736,40066,497,28,1934496,135619,2572,87680,1040,48692,192,23800,50,22400,0,0,1,1,0,0,1,3,1
2021-05-16,4155.86,2021,20,745,3380,705.65,4092.8,238.42,0,0,0,0,0,0,13708.230487,14280.179164,215.450342,0,99860,99864,0,808031,255773,658,50876,1550,31,1952353,136528,4999,87696,16,48775,83,23758,-42,23364,964,0,0,0,0,0,0,2,0
2021-05-23,4204.11,2021,21,656,1960,602.19,4525.89,218.76,0,0,0,0,0,0,14203.239967,25006.009692,64.830278,0,100678,100302,99647,111574,256857,1084,53918,1157,35,2670631,198788,3268,87714,18,48891,116,23784,26,23587,223,0,0,0,0,1,0,0,0
2021-05-30,4229.89,2021,22,1026,1700,915.29,3283.03,176.74,0,0,0,3103.44,250,0,15798.643354,40816.788135,73.899754,0,99628,98833,98492,249604,258636,1779,145559,1633,35,4382794,265834,4031,87774,60,49053,162,23822,38,24146,559,0,0,0,2,0,0,0,0
2021-06-06,4247.44,2021,23,1194,1540,1471.05,4591.42,280.34,0,0,0,7241.36,115,0,5899.030533,36200.797594,19.510425,0,97626,97953,0,426454,261064,2428,99083,1497,28,3575296,347210,1918,87811,37,49141,88,23853,31,24322,176,1,1,1,1,1,0,1,0
2021-06-13,4166.45,2021,24,1466,1580,1765.67,6551.36,332.86,0,0,0,7241.36,0,0,4383.431867,31551.508109,4.860015,0,101413,100415,98113,515752,264318,3254,86211,2712,26,2583804,315857,3062,87851,40,49279,138,23889,36,24395,73,1,1,1,0,0,1,2,0
2021-06-20,4280.7,2021,25,1342,1390,1826.34,5352.66,310.04,0,0,0,7241.36,0,0,3830.56937,33433.900627,3.330003,0,101859,101093,100079,442948,266481,2163,39251,518,21,3115491,266212,2261,87903,52,49390,111,23933,44,24519,124,1,1,1,0,0,0,1,0
2021-06-27,4352.34,2021,26,1469,1820,1343.46,4717.43,302.82,0,0,0,5172.4,1281.66,0,5650.052766,36587.247227,8.580008,0,102979,101854,100247,127585,269047,2566,63066,1139,26,3231370,286198,2135,87923,20,49613,223,23982,49,24608,89,1,1,1,0,0,0,0,0
2021-07-04,4369.55,2021,27,1424,1710,1951.87,2640.57,309.65,0,0,0,0,0,0,5927.250587,33348.03936,8.940046,0,102042,101482,100903,150301,272805,3758,66530,926,28,3865712,323819,1685,87996,73,49820,207,24062,80,24757,149,1,1,1,1,0,0,0,0
2021-07-11,4327.16,2021,28,1335,1460,1582.26,2712.88,291.15,0,0,0,0,365,0,5684.885791,42769.61414,9.480013,0,103164,102280,101008,552102,274958,2153,66983,664,32,4537723,377279,6089,88045,49,50050,230,24087,25,24804,47,1,1,1,0,0,0,0,0
2021-07-18,4411.79,2021,29,1250,1740,1382.19,2491.05,320.54,0,0,2000,0,1111.11,0,10169.460962,51582.769042,9.379998,0,101301,101353,100912,277763,278159,3201,54727,575,29,8133937,465781,1473,88100,55,50162,112,24114,27,24811,7,1,1,1,1,1,0,1,0
2021-07-25,4395.26,2021,30,1456,1420,2471.57,3334.41,472.59,1314.06,0,5265.5,0,555.55,0,10121.127333,62755.192684,12.589984,0,90144,92387,97754,554749,279654,1495,58559,679,27,7647705,482119,1404,88168,68,50507,345,24149,35,25221,410,1,1,1,0,0,1,0,0
2021-08-01,4436.52,2021,31,1317,1160,2236.6,2744.4,349.13,0,0,3385.79,0,555.55,0,11065.903718,52924.276302,11.789985,0,0,88763,88751,149660,281472,1818,54925,514,31,5110642,417276,3013,88242,74,50690,183,24176,27,25219,-2,1,1,1,0,0,0,0,0
2021-08-08,4468,2021,32,1339,1300,1943.41,5468.19,427.44,0,0,1200.64,0,555.55,0,8848.815681,45521.984356,6.509964,0,0,85487,87260,293863,282956,1484,45194,510,24,4723682,399920,2443,88312,70,50833,143,24203,27,25218,-1,1,1,1,0,0,0,1,0
2021-08-15,4441.67,2021,33,1439,1330,1887.2,7476.27,388.88,0,0,0,0,0,0,9891.857737,50316.184962,7.607343,0,0,85313,79755,596067,285425,2469,36766,379,15,5323592,433613,1228,88360,48,50975,142,24225,22,25205,-13,1,0,1,1,0,1,1,0
2021-08-22,4509.37,2021,34,1501,1050,1963.49,4429.63,442.95,0,0,0,0,1111.11,0,11266.003612,55281.681546,6.735173,0,0,85518,84589,293252,287917,2492,50662,1774,22,4979067,476213,2717,88404,44,51106,131,24248,23,25217,12,0,1,1,0,1,0,1,0
2021-08-29,4535.43,2021,35,1432,1250,1876.31,4413.88,501.22,0,0,0,0,2500,0,12424.494956,48389.34711,50.658229,0,86135,85389,83828,415474,289752,1835,54273,645,23,4663650,425890,2282,88438,34,51213,107,24258,10,25213,-4,0,1,1,0,0,0,0,0
2021-09-05,4458.58,2021,36,1227,1020,3281.04,3632.81,348.13,0,0,0,0,1250,0,12789.355725,49666.39946,72.450861,0,0,86721,86103,286431,291470,1718,54991,838,24,4250609,401721,1023,88452,14,51315,102,24307,49,25336,123,0,1,1,1,0,0,1,0
2021-09-12,4432.99,2021,37,1174,980,2123.93,5723.06,373.24,0,0,0,0,1250,0,9386.644961,36470.289699,245.455502,0,87103,85968,85713,11576,293070,1600,79941,876,25,3783805,339404,3593,88477,25,51439,124,24340,33,25427,91,1,1,1,0,0,1,1,0
2021-09-19,4455.48,2021,38,1075,1030,1652.41,5753.34,406.96,0,0,0,0,0,0,10437.611806,37669.210327,1863.288144,0,86155,85732,5,401482,294494,1424,42030,358,24,3304748,303935,1978,88511,34,51540,101,24353,13,25432,5,1,1,1,0,0,0,1,0
2021-09-26,4357.04,2021,39,1119,1080,2047.9,4305.46,380.71,0,0,0,0,0,0,12075.740417,38205.777189,4146.992683,0,86113,5,85071,540984,295792,1298,59117,838,28,3360412,289799,2456,88523,12,51631,91,24371,18,25435,3,1,1,1,2,0,0,1,0
2021-10-03,4391.34,2021,40,1003,1000,4009.11,5101.83,208.55,0,0,0,0,0,0,21869.266904,34822.555938,2769.169253,0,85403,85201,84829,265768,296913,1121,52185,723,21,3103654,285377,1302,88545,22,51790,159,24395,24,25429,-6,1,1,1,1,0,0,2,0
2021-10-10,4471.37,2021,41,879,680,2188.07,6287.61,378.15,0,0,0,0,0,0,15306.486531,26487.768701,4012.436846,0,85677,83558,83452,559224,297647,734,57958,412,24,2702572,218664,991,88562,17,51909,119,24409,14,25437,8,1,1,1,2,0,1,2,3
2021-10-17,4544.9,2021,42,1005,580,1166.29,4707.28,1206.33,0,0,0,0,0,0,10276.24992,27383.869442,5014.150848,0,85435,85293,83994,555925,299009,1362,81385,1211,24,3045769,258147,2310,88560,-2,52028,119,24422,13,25433,-4,1,1,1,0,0,0,1,1
2021-10-24,4605.38,2021,43,905,550,1317.48,7223.83,2163.11,0,0,0,0,0,0,9771.096247,25251.251727,4736.332201,0,86072,85425,84290,261476,300610,1601,127465,1318,23,3069946,248948,3015,88590,30,52140,112,24463,41,25434,1,0,0,0,1,0,0,4,0
2021-10-31,4697.53,2021,44,960,380,1348.85,8568.51,1349.35,0,0,0,0,0,0,11617.573656,29879.210016,5693.626887,0,86547,85868,84710,274720,303157,2547,69997,3611,25,3391628,302358,1875,88604,14,52293,153,24501,38,25451,17,0,1,1,0,1,0,2,0
2021-11-07,4682.85,2021,45,867,570,1431.73,4854.28,693.07,0,0,0,0,0,0,8259.650455,31848.372605,1773.977059,0,85950,85527,84515,411150,305445,2288,93702,947,25,3153725,279238,1518,88632,28,52382,89,24538,37,30312,4861,0,1,1,1,0,0,1,0
2021-11-14,4697.96,2021,46,1058,550,1836.5,6587.68,0,2600.12,0,0,0,0,0,14562.348093,46520.79334,8.438763,0,86209,85331,84396,274751,307798,2353,54657,396,24,3778006,368726,2085,88638,6,52523,141,24567,29,31740,1428,1,1,1,0,0,1,0,0
2021-11-21,4594.62,2021,47,653,300,1212.7,5172.01,0,2002.46,0,0,0,0,0,6521.567511,22889.673153,11.12974,0,0,85686,85235,314205,308790,992,32987,229,22,2423059,235702,800,88621,-17,52622,99,24592,25,31749,9,1,1,1,1,0,0,0,0
2021-11-28,4538.43,2021,48,989,630,1524.9,8174.49,0,4500,0,0,0,0,0,7625.30898,39392.428529,36.522649,0,85414,85309,84544,313670,310557,1767,58487,697,24,3825177,382958,799,88626,5,52727,105,24635,43,31819,70,1,1,1,0,0,1,0,0
2021-12-05,4712.02,2021,49,921,780,2025.7,6370.55,0,10500,0,0,0,0,0,4804.044151,34769.357047,163.697575,0,86603,85620,84186,315022,312224,1667,64467,937,25,3955529,392075,2129,88618,-8,52855,128,24645,10,31882,63,0,0,0,0,0,0,0,0
2021-12-12,4620.64,2021,50,811,500,1119.85,4567.88,0,11500,0,0,0,0,0,5084.468474,24828.394343,4627.147183,0,88227,85897,85547,272704,313957,1733,57748,659,22,3211854,317531,2163,88594,-24,53013,158,24666,21,31901,19,0,0,0,0,0,1,0,0
2021-12-19,4725.79,2021,51,703,440,1069.55,5512,0,7311.94,0,0,0,0,0,4109.197451,20982.3093,1402.273249,0,0,86143,86881,274493,315450,1493,85347,947,19,3011496,278309,2922,88594,0,53013,0,24666,0,31901,0,0,0,0,0,0,0,0,0
2021-12-26,4766.18,2021,52,1444,1180,1458.5,8042.86,0,13222.66,0,0,0,0,10200,16098.902979,66617.018188,2287.458851,0,88810,86738,86964,434956,318291,2841,43184,395,14,5766712,615840,943,88628,34,53108,95,24685,19,32023,122,1,1,1,0,0,0,0,0
2022-01-02,4677.03,2022,1,2143,1290,2434.53,12034.7,0,15731.5,0,0,0,0,11900,36019.503728,83708.184032,23.681239,0,107928,100178,88752,360094,322456,4165,61474,3733,22,7948993,827832,1696,88662,34,53297,189,24714,29,32074,51,1,1,1,0,0,0,0,0
2022-01-09,4662.85,2022,2,1567,560,2033.55,13050.6,0,8544.57,0,0,0,0,11900,29207.019538,69626.490808,44.909817,0,110027,107270,107700,275347,325882,3426,75393,650,23,7277211,749105,1261,88683,21,53457,160,24743,29,32132,58,1,1,1,0,0,0,0,0
2022-01-16,4397.94,2022,3,1484,540,2183.04,12113.1,0,16610.46,2048.826,0,0,0,11900,25594.831943,70635.377319,76.120437,0,111452,108834,109372,277094,329217,3335,69404,873,23,6964269,729715,2510,88683,0,53638,181,24767,24,32173,41,1,1,1,0,0,0,0,0
2022-01-23,4431.85,2022,4,1512,300,2571.56,9836.64,0,15466.64,5049.7536,0,0,0,1700,22588.271805,73063.842179,142.036015,0,112977,110445,110893,279942,332549,3332,74676,646,23,6763794,719643,1506,88712,29,53864,226,24804,37,32250,77,1,1,1,0,0,0,0,0
2022-01-30,4500.53,2022,5,1396,550,2421.18,8636.46,0,10387.31,8252.3251,0,0,0,0,21923.6123,58550.842033,177.015704,0,114439,111867,112639,167689,334842,2293,73043,659,22,5065420,531963,1122,88720,8,54022,158,24824,20,32300,50,1,1,1,0,0,0,0,0
2022-02-06,4418.64,2022,6,988,320,1981.37,6998.86,9.74,8560.91,22294.2492,0,0,0,0,13678.173336,28586.324646,5604.982121,0,115334,113312,113822,168502,336533,1691,84508,1435,24,3472302,340262,1619,88733,13,54167,145,24841,17,32309,9,1,1,1,0,0,0,1,0
2022-02-13,4348.87,2022,7,831,520,1742.64,7629.26,3499.02,4858.24,13184.0842,0,0,0,0,13679.415605,18595.914532,502.590475,0,101661,104065,113879,287069,338000,1467,88561,1307,22,3151572,279696,1782,88732,-1,54285,118,24870,29,32305,-4,1,1,1,1,0,0,0,0
2022-02-20,4384.65,2022,8,715,220,1723.03,9845.3,259.95,0,7436.4359,0,0,0,0,13876.307433,17639.842602,665.719965,0,98761,97433,98451,169981,338770,770,31863,241,14,1870720,191446,882,88741,9,54373,88,24897,27,32306,1,0,1,1,0,0,0,0,0
2022-02-27,4328.87,2022,9,654,0,2170.79,10197.93,280.04,2000,6123.5223,0,0,0,0,8855.404724,18942.255272,87.170004,0,0,95887,97537,285842,339343,573,32893,182,13,1755543,190927,377,88739,-2,54485,112,24923,26,32292,-14,1,1,1,0,0,0,0,0
2022-03-06,4204.31,2022,10,669,0,2207.27,9259.17,192.8,6316.55,5185.4464,0,0,0,0,7997.220087,17153.032125,952.617793,0,97919,95770,96616,284317,341104,1761,100482,991,23,2699688,251483,1920,88743,4,54690,205,24970,47,32288,-4,1,1,1,0,0,0,2,0
2022-03-13,4463.12,2022,11,602,0,1783.2,10880.89,1655.57,3400.75,4339.1823,0,0,0,0,7515.925913,14087.322233,432.45177,0,101268,94985,96314,298376,342095,991,52704,515,22,1986041,167820,1234,88751,8,54927,237,25001,31,32286,-2,1,1,1,0,0,0,1,0
2022-03-20,4543.06,2022,12,713,30,1251.07,8484.51,973.36,0,4235.8078,0,0,0,0,7825.099898,22374.069826,94.420276,0,103047,100149,101252,301273,343666,1571,99177,694,21,2821202,244880,2912,88755,4,55086,159,25025,24,32275,-11,1,1,1,0,0,0,4,0
2022-03-27,4545.86,2022,13,699,0,1686.45,10580.86,967.92,5562.83,4375.1814,0,0,0,0,7104.253193,28502.126704,152.180103,0,103043,100194,101849,304198,344878,1212,50789,331,20,2806765,259342,341,88755,0,55086,0,25025,0,32275,0,1,1,1,1,0,0,1,0
2022-04-03,4488.28,2022,14,695,0,2180.31,9214.55,1070.61,7000,4911.8853,0,0,0,0,5169.612922,13896.637029,7.850016,0,0,108627,101987,275308,346097,1219,47170,484,16,2209681,186551,1150,88761,6,56393,1307,25150,125,32347,72,1,1,1,0,0,0,2,0
2022-04-10,4392.59,2022,15,730,0,1358.72,8009.4,1063.35,7000,3361.985,0,0,0,0,17602.451223,17292.791016,108.047761,0,124178,119279,118761,359597,346949,852,37869,439,15,2116268,208474,798,88760,-1,56897,504,25237,87,32512,165,1,1,1,0,0,0,1,3
2022-04-17,4271.78,2022,16,545,0,1938.48,6479.55,612.03,4747.95,4930.1862,0,0,0,0,8593.247558,15925.452437,20.310004,0,124704,121403,123529,0,347881,932,54393,482,16,2194743,217286,1333,88760,0,57462,565,25231,-6,32589,77,0,1,1,0,0,0,1,1
2022-04-24,4131.93,2022,17,552,0,2403.73,6840.36,899.6,3000,4221.6809,0,0,0,0,16163.819858,19146.960142,2.73,0,126291,119586,123183,213989,348881,1000,42779,423,16,2171028,248743,3297,88783,23,57837,375,25238,7,32583,-6,0,1,1,0,0,0,0,0
2022-05-01,4123.34,2022,18,570,0,2136.84,5640.08,1476.72,4195.29,49.4498,0,0,0,0,15190.998975,20106.941108,1.689919,0,125765,120855,125108,216256,349628,747,32143,402,14,2633619,271930,2326,88795,12,58085,248,25268,30,32580,-3,0,0,0,2,0,1,1,0
2022-05-08,4023.89,2022,19,411,0,2210.82,5578.04,1007.71,4597.94,0,0,0,0,0,3232.712325,8301.127678,0.059995,0,125004,119921,124396,213886,350001,373,26895,207,16,1539648,154792,777,88789,-6,58463,378,25297,29,32553,-27,0,0,0,0,0,0,2,0
2022-05-15,3901.36,2022,20,415,0,2281.81,5942.42,1677.84,4830.1,0,0,0,0,0,2420.081643,7925.048413,1.619944,0,118295,119650,123636,183957,350110,109,55617,1062,17,1829861,168495,1047,88786,-3,58753,290,25339,42,32545,-8,0,0,0,1,0,0,1,0
2022-05-22,4158.24,2022,21,382,0,1878.82,7395.57,3741.21,4887.94,0,0,0,0,0,2268.91595,17769.464052,2.159998,0,0,114161,115469,201156,350513,403,18566,188,8,1899279,204647,952,88777,-9,58923,170,25344,5,32531,-14,0,1,1,0,0,0,0,0
2022-05-29,4108.54,2022,22,336,0,2007.37,7737.17,3853.94,3941.12,0,0,0,0,0,2052.22,6153.95,4.35,0,110687,110437,113792,191000,350554,41,29957,242,15,1134393,99788,375,88786,9,59042,119,25362,18,32528,-3,0,1,1,0,0,0,0,0
2022-06-05,3900.86,2022,23,350,0,1985.05,7584.39,2165.54,4196.29,0,0,0,0,0,1208.76078,2373.819222,0.149998,0,108415,109115,109582,188358,350740,186,46108,617,18,1425341,100996,580,88761,-25,59183,141,25401,39,32557,29,0,1,1,0,0,0,1,0
2022-06-12,3674.84,2022,24,352,0,1789.25,9463.03,3254.98,4193.4,0,0,0,0,0,768.510251,1349.71596,1.593789,0,105483,105216,109391,119486,350598,-142,31257,298,19,1055197,66278,2062,88761,0,59413,230,25420,19,32558,1,0,1,1,0,0,1,0,0
2022-06-19,3911.74,2022,25,292,0,1449.52,9066.86,1375.41,1953.14,0,0,0,0,0,216.56,369.65,0.41,0,0,103731,104199,236459,350572,-26,28127,265,12,816468,63887,1258,88761,0,59413,0,25420,0,32558,0,0,1,1,0,0,0,3,0
2022-06-26,3825.33,2022,26,241,0,932.5,6967.52,0,0,0,0,0,0,0,0,0,0,0,104048,104105,0,0,350354,-218,8620,94,7,319024,27014,775,88761,0,59413,0,25420,0,32558,0,0,1,1,0,0,0,1,0
2022-07-03,3899.38,2022,27,270,0,965.39,7109.05,0,0,0,0,0,0,0,0,0,0,0,95582,95331,95950,0,330330,-20024,8152,49,7,334331,28522,162,88752,-9,59773,360,25470,50,32565,7,0,1,1,0,0,0,0,0
2022-07-10,3863.16,2022,28,298,0,807.04,5407.02,0,0,0,0,0,0,0,0,0,0,0,93874,94057,94322,213731,350177,19847,30857,532,11,774069,59140,744,88752,0,59773,0,25470,0,32565,0,0,1,1,0,0,0,0,0
2022-07-17,3961.63,2022,29,304,0,472.71,5239.53,0,0,0,0,0,0,0,0,0,0,0,91658,91672,92177,141699,350150,-27,32599,252,6,696719,69809,394,88753,1,59904,131,25487,17,32557,-8,0,1,1,0,0,0,0,0
2022-07-24,4130.29,2022,30,296,0,474.36,6949.68,0,0,0,0,0,0,0,0,0,0,0,0,89968,90343,169770,350105,-45,30432,244,12,731934,62630,1010,88439,-314,60033,129,25511,24,32555,-2,0,1,1,0,0,0,0,0
2022-07-31,4145.19,2022,31,300,0,740,8047.06,0,0,0,0,0,0,0,0,0,0,0,0,89209,0,143998,349966,-139,28317,537,14,808345,62329,1116,88433,-6,60156,123,25523,12,32572,17,0,1,1,1,0,0,0,0
2022-08-07,4280.15,2022,32,244,0,566.42,5094.81,0,0,0,0,0,0,0,0,0,0,0,0,88385,0,142938,349732,-234,41097,402,15,1049259,85138,983,88443,10,60473,317,25534,11,32554,-18,0,1,1,0,0,0,0,0
2022-08-14,4228.48,2022,33,266,0,532.8,5908.66,0,0,0,0,0,0,0,0,0,0,0,0,87892,0,142890,349668,-64,49093,849,13,1203369,97503,4926,88443,0,60473,0,25534,0,32554,0,0,1,1,0,0,0,0,1
2022-08-21,4057.66,2022,34,234,0,699.11,8570.67,0,0,0,0,0,0,0,0,0,0,0,88726,87189,0,138755,349590,-78,35937,624,8,829784,73728,1446,88837,394,60631,158,25539,5,32587,33,0,0,0,0,0,0,0,0
2022-08-28,3924.26,2022,35,203,0,452.63,7223.82,0,0,0,0,0,0,0,0,0,0,0,88228,88060,0,142322,349727,137,69189,782,9,1634841,102613,1434,88873,36,61080,449,25552,13,32593,6,0,0,0,1,0,0,0,0
2022-09-04,4067.36,2022,36,236,0,590.01,7444.75,0,0,0,0,0,0,0,0,0,0,0,84503,84639,0,139799,349984,257,60558,1071,9,1460791,109193,707,88895,22,61266,186,25559,7,32623,30,1,0,1,0,0,0,1,0
2022-09-11,3873.33,2022,37,245,0,524.42,9889.02,0,0,0,0,0,0,0,0,0,0,0,83462,83057,0,3404,349607,-377,29879,611,6,597608,67173,374,88895,0,61266,0,25559,0,32623,0,1,0,1,0,0,0,0,0
2022-09-18,3693.23,2022,38,256,0,816.45,8089.22,0,0,0,0,0,0,0,0,0,0,0,0,81728,0,129669,349534,-73,39092,278,7,764597,72911,460,88486,-409,61524,258,25555,-4,32684,61,1,0,1,1,0,0,1,2
